{"properties":{"connectionReferences":{"shared_sharepointonline":{"runtimeSource":"embedded","connection":{"connectionReferenceLogicalName":"new_sharedsharepointonline_fa808"},"api":{"name":"shared_sharepointonline"}}},"definition":{"$schema":"https://schema.management.azure.com/providers/Microsoft.Logic/schemas/2016-06-01/workflowdefinition.json#","contentVersion":"1.0.0.0","parameters":{"$authentication":{"defaultValue":{},"type":"SecureObject"},"$connections":{"defaultValue":{},"type":"Object"}},"triggers":{"manual":{"type":"Request","kind":"Button","inputs":{"schema":{"type":"object","properties":{"text":{"title":"ProductType","type":"string","x-ms-dynamically-added":true,"description":"Please enter your input","x-ms-content-hint":"TEXT"},"number":{"title":"ProductID","type":"number","x-ms-dynamically-added":true,"description":"Please enter a number","x-ms-content-hint":"NUMBER"},"date":{"title":"Current Date","type":"string","format":"date","x-ms-dynamically-added":true,"description":"Please enter or select a date (YYYY-MM-DD)","x-ms-content-hint":"DATE"}},"required":["text","number","date"]}}}},"actions":{"Initialize_file_item_ID":{"runAfter":{},"type":"InitializeVariable","inputs":{"variables":[{"name":"itemID","type":"integer"}]}},"Get_Products_Item":{"runAfter":{"Initialize_file_item_ID":["Succeeded"]},"type":"OpenApiConnection","inputs":{"host":{"apiId":"/providers/Microsoft.PowerApps/apis/shared_sharepointonline","connectionName":"shared_sharepointonline","operationId":"GetItem"},"parameters":{"dataset":"https://cloudhadi.sharepoint.com/sites/Workplace","table":"3bbfb286-9367-487a-b6bf-f8539bcf9a8b","id":"@triggerBody()['number']"},"authentication":{"value":"@json(decodeBase64(triggerOutputs().headers['X-MS-APIM-Tokens']))['$ConnectionKey']","type":"Raw"}}},"Respond_to_a_PowerApp_or_flow":{"runAfter":{"Get_Products_Item":["Succeeded"]},"type":"Response","kind":"PowerApp","inputs":{"statusCode":200,"body":{},"schema":{"type":"object","properties":{}}}}},"outputs":{}}},"schemaVersion":"1.0.0.0"}