{"properties":{"connectionReferences":{"shared_wordonlinebusiness":{"runtimeSource":"embedded","connection":{"connectionReferenceLogicalName":"new_sharedwordonlinebusiness_4a679"},"api":{"name":"shared_wordonlinebusiness"}},"shared_sharepointonline":{"runtimeSource":"embedded","connection":{"connectionReferenceLogicalName":"new_sharedsharepointonline_fa808"},"api":{"name":"shared_sharepointonline"}}},"definition":{"$schema":"https://schema.management.azure.com/providers/Microsoft.Logic/schemas/2016-06-01/workflowdefinition.json#","contentVersion":"1.0.0.0","parameters":{"$connections":{"defaultValue":{},"type":"Object"},"$authentication":{"defaultValue":{},"type":"SecureObject"}},"triggers":{"manual":{"type":"Request","kind":"Button","inputs":{"schema":{"type":"object","properties":{"text":{"title":"ProductType","type":"string","x-ms-dynamically-added":true,"description":"Please enter your input","x-ms-content-hint":"TEXT"},"number":{"title":"ProductID","type":"number","x-ms-dynamically-added":true,"description":"Please enter a number","x-ms-content-hint":"NUMBER"},"date":{"title":"CurrentDate","type":"string","format":"date","x-ms-dynamically-added":true,"description":"Please enter or select a date (YYYY-MM-DD)","x-ms-content-hint":"DATE"}},"required":["text","number","date"]}}}},"actions":{"Populate__Microsoft_Word_template_-_Food_Type":{"runAfter":{"Get_Products_Item":["Succeeded"]},"metadata":{"01B67TZXAOADZLVNJYTFBYEWWHNOJXWPX2":"/Templates/Food Info Template.docx"},"type":"OpenApiConnection","inputs":{"host":{"connectionName":"shared_wordonlinebusiness","operationId":"CreateFileItem","apiId":"/providers/Microsoft.PowerApps/apis/shared_wordonlinebusiness"},"parameters":{"source":"sites/cloudhadi.sharepoint.com,727c23bf-4e07-4acf-a793-16c59a3a58b7,af992ef8-9a38-4238-b521-ed4518969950","drive":"b!vyN8cgdOz0qnkxbFmjpYt_guma84mjhCtSHtRRiWmVBZhmBPtO6hR7Etezcb0Prw","file":"01B67TZXAOADZLVNJYTFBYEWWHNOJXWPX2","dynamicFileSchema/823866182":"@outputs('Get_Products_Item')?['body/ManufacturedDate']","dynamicFileSchema/1154184237":"@outputs('Get_Products_Item')?['body/ExpiryDate']","dynamicFileSchema/1223483339":"@outputs('Get_Products_Item')?['body/InspectionCompletedDate']","dynamicFileSchema/1812902530":"@triggerBody()['date']","dynamicFileSchema/-1338845866":"@outputs('Get_Products_Item')?['body/ProductName']","dynamicFileSchema/-2131773420":"@outputs('Get_Products_Item')?['body/ProductName']","dynamicFileSchema/-1211110250":"@outputs('Get_Products_Item')?['body/ProductType/Value']","dynamicFileSchema/-753969610":"@outputs('Get_Products_Item')?['body/ProductStatus/Value']","dynamicFileSchema/-1300376569":"@outputs('Get_Products_Item')?['body/ProductFeatures']","dynamicFileSchema/-588857856":"@outputs('Get_Products_Item')?['body/MaterialsUsed']","dynamicFileSchema/-1072424479":"@outputs('Get_Products_Item')?['body/Editor/DisplayName']"},"authentication":{"type":"Raw","value":"@json(decodeBase64(triggerOutputs().headers['X-MS-APIM-Tokens']))['$ConnectionKey']"}}},"Get_Products_Item":{"runAfter":{"Initialize_file_item_ID":["Succeeded"]},"type":"OpenApiConnection","inputs":{"host":{"connectionName":"shared_sharepointonline","operationId":"GetItem","apiId":"/providers/Microsoft.PowerApps/apis/shared_sharepointonline"},"parameters":{"dataset":"https://cloudhadi.sharepoint.com/sites/Workplace","table":"3bbfb286-9367-487a-b6bf-f8539bcf9a8b","id":"@triggerBody()['number']"},"authentication":{"type":"Raw","value":"@json(decodeBase64(triggerOutputs().headers['X-MS-APIM-Tokens']))['$ConnectionKey']"}}},"Create_or_Update":{"actions":{"Update_Product_Info_file":{"runAfter":{},"type":"OpenApiConnection","inputs":{"host":{"connectionName":"shared_sharepointonline","operationId":"UpdateFile","apiId":"/providers/Microsoft.PowerApps/apis/shared_sharepointonline"},"parameters":{"dataset":"https://cloudhadi.sharepoint.com/sites/Workplace","id":"/ProductData/@{outputs('Get_Products_Item')?['body/ProductName']}.docx","body":"@outputs('Populate__Microsoft_Word_template_-_Food_Type')?['body']"},"authentication":{"type":"Raw","value":"@json(decodeBase64(triggerOutputs().headers['X-MS-APIM-Tokens']))['$ConnectionKey']"}}},"Set_file_item_ID_if_update":{"runAfter":{"Get_file_metadata_using_path":["Succeeded"]},"type":"SetVariable","inputs":{"name":"itemID","value":"@outputs('Get_file_metadata_using_path')?['body/ItemId']"}},"Get_file_metadata_using_path":{"runAfter":{"Update_Product_Info_file":["Succeeded"]},"type":"OpenApiConnection","inputs":{"host":{"connectionName":"shared_sharepointonline","operationId":"GetFileMetadataByPath","apiId":"/providers/Microsoft.PowerApps/apis/shared_sharepointonline"},"parameters":{"dataset":"https://cloudhadi.sharepoint.com/sites/Workplace","path":"/ProductData/@{outputs('Get_Products_Item')?['body/ProductName']}.docx"},"authentication":{"type":"Raw","value":"@json(decodeBase64(triggerOutputs().headers['X-MS-APIM-Tokens']))['$ConnectionKey']"}}}},"runAfter":{"Populate__Microsoft_Word_template_-_Food_Type":["Succeeded"]},"else":{"actions":{"Create_Product_Info_file":{"runAfter":{},"type":"OpenApiConnection","inputs":{"host":{"connectionName":"shared_sharepointonline","operationId":"CreateFile","apiId":"/providers/Microsoft.PowerApps/apis/shared_sharepointonline"},"parameters":{"dataset":"https://cloudhadi.sharepoint.com/sites/Workplace","folderPath":"/ProductData","name":"@{outputs('Get_Products_Item')?['body/ProductName']}.docx","body":"@outputs('Populate__Microsoft_Word_template_-_Food_Type')?['body']"},"authentication":{"type":"Raw","value":"@json(decodeBase64(triggerOutputs().headers['X-MS-APIM-Tokens']))['$ConnectionKey']"}},"runtimeConfiguration":{"contentTransfer":{"transferMode":"Chunked"}}},"Set_file_item_ID_if_create":{"runAfter":{"Create_Product_Info_file":["Succeeded"]},"type":"SetVariable","inputs":{"name":"itemID","value":"@outputs('Create_Product_Info_file')?['body/ItemId']"}}}},"expression":{"greater":["@outputs('Get_Products_Item')?['body/Modified']","@addSeconds(outputs('Get_Products_Item')?['body/Created'], 30)"]},"type":"If"},"Update_file_properties":{"runAfter":{"Create_or_Update":["Succeeded"]},"type":"OpenApiConnection","inputs":{"host":{"connectionName":"shared_sharepointonline","operationId":"PatchFileItem","apiId":"/providers/Microsoft.PowerApps/apis/shared_sharepointonline"},"parameters":{"dataset":"https://cloudhadi.sharepoint.com/sites/Workplace","table":"9aedd865-ecda-41c9-a1ec-bfddefed3ae2","id":"@variables('itemID')","item/ProductName":"@outputs('Get_Products_Item')?['body/ProductName']","item/ProductType/Value":"@outputs('Get_Products_Item')?['body/ProductType']","item/ProductLead/Claims":"@outputs('Get_Products_Item')?['body/Editor/DisplayName']","item/DocumentType/Value":"Product Information","item/InspectionRequired":false,"item/{ContentType}/Id":"0x010100C1B123C08DD74EB7B8ABE22C7D89C293009C6C26B51CD36E4D81F1FC1E6D50EC4D"},"authentication":{"type":"Raw","value":"@json(decodeBase64(triggerOutputs().headers['X-MS-APIM-Tokens']))['$ConnectionKey']"}}},"Initialize_file_item_ID":{"runAfter":{},"type":"InitializeVariable","inputs":{"variables":[{"name":"itemID","type":"integer"}]}},"Respond_to_a_PowerApp_or_flow":{"runAfter":{"Update_file_properties":["Succeeded"]},"type":"Response","kind":"PowerApp","inputs":{"statusCode":200,"body":{},"schema":{"type":"object","properties":{}}}}},"outputs":{}}},"schemaVersion":"1.0.0.0"}