{"properties":{"connectionReferences":{},"definition":{"$schema":"https://schema.management.azure.com/providers/Microsoft.Logic/schemas/2016-06-01/workflowdefinition.json#","contentVersion":"1.0.0.0","parameters":{"$authentication":{"defaultValue":{},"type":"SecureObject"}},"triggers":{"manual":{"type":"Request","kind":"Button","inputs":{"schema":{"type":"object","properties":{"text":{"title":"ProductType","type":"string","x-ms-dynamically-added":true,"description":"Please enter your input","x-ms-content-hint":"TEXT"},"number":{"title":"ProductID","type":"number","x-ms-dynamically-added":true,"description":"Please enter a number","x-ms-content-hint":"NUMBER"},"date":{"title":"CurrentDate","type":"string","format":"date","x-ms-dynamically-added":true,"description":"Please enter or select a date (YYYY-MM-DD)","x-ms-content-hint":"DATE"}},"required":["text","number","date"]}}}},"actions":{"Initialize_file_item_ID":{"runAfter":{},"type":"InitializeVariable","inputs":{"variables":[{"name":"itemID","type":"integer"}]}},"Respond_to_a_PowerApp_or_flow":{"runAfter":{"Initialize_file_item_ID":["Succeeded"]},"type":"Response","kind":"PowerApp","inputs":{"statusCode":200,"body":{},"schema":{"type":"object","properties":{}}}}},"outputs":{}}},"schemaVersion":"1.0.0.0"}