{"properties":{"connectionReferences":{"shared_wordonlinebusiness_1":{"runtimeSource":"embedded","connection":{},"api":{"name":"shared_wordonlinebusiness"}},"shared_sharepointonline":{"runtimeSource":"embedded","connection":{},"api":{"name":"shared_sharepointonline"}},"shared_sharepointonline_1":{"runtimeSource":"embedded","connection":{},"api":{"name":"shared_sharepointonline"}}},"definition":{"$schema":"https://schema.management.azure.com/providers/Microsoft.Logic/schemas/2016-06-01/workflowdefinition.json#","contentVersion":"1.0.0.0","parameters":{"$connections":{"defaultValue":{},"type":"Object"},"$authentication":{"defaultValue":{},"type":"SecureObject"}},"triggers":{"When_an_item_is_created_or_modified":{"recurrence":{"interval":1,"frequency":"Minute"},"splitOn":"@triggerOutputs()?['body/value']","type":"OpenApiConnection","inputs":{"host":{"connectionName":"shared_sharepointonline","operationId":"GetOnUpdatedItems","apiId":"/providers/Microsoft.PowerApps/apis/shared_sharepointonline"},"parameters":{"dataset":"https://cloudhadi.sharepoint.com/sites/Workplace","table":"3bbfb286-9367-487a-b6bf-f8539bcf9a8b"},"authentication":"@parameters('$authentication')"}}},"actions":{"Populate_Product_Info_word_template":{"runAfter":{"Switch":["Succeeded"]},"metadata":{"01B67TZXGWUGHG4B5D4BG2LJ6KZUW4FTIX":"/Templates/Product Information Template.docx"},"type":"OpenApiConnection","inputs":{"host":{"connectionName":"shared_wordonlinebusiness_1","operationId":"CreateFileItem","apiId":"/providers/Microsoft.PowerApps/apis/shared_wordonlinebusiness"},"parameters":{"source":"sites/cloudhadi.sharepoint.com,727c23bf-4e07-4acf-a793-16c59a3a58b7,af992ef8-9a38-4238-b521-ed4518969950","drive":"b!vyN8cgdOz0qnkxbFmjpYt_guma84mjhCtSHtRRiWmVBZhmBPtO6hR7Etezcb0Prw","file":"01B67TZXGWUGHG4B5D4BG2LJ6KZUW4FTIX","dynamicFileSchema/823866182":"@triggerOutputs()?['body/ManufacturedDate']","dynamicFileSchema/1154184237":"@triggerOutputs()?['body/ExpiryDate']","dynamicFileSchema/1223483339":"@triggerOutputs()?['body/InspectionCompletedDate']","dynamicFileSchema/1812902530":"@body('Convert_time_zone')","dynamicFileSchema/-1338845866":"@triggerOutputs()?['body/ProductName']","dynamicFileSchema/-2131773420":"@triggerOutputs()?['body/ProductName']","dynamicFileSchema/-1211110250":"@triggerOutputs()?['body/ProductType/Value']","dynamicFileSchema/-753969610":"@triggerOutputs()?['body/ProductStatus/Value']","dynamicFileSchema/-1300376569":"@triggerOutputs()?['body/ProductFeatures']","dynamicFileSchema/-588857856":"@triggerOutputs()?['body/MaterialsUsed']","dynamicFileSchema/-1072424479":"@triggerOutputs()?['body/Editor/DisplayName']"},"authentication":"@parameters('$authentication')"}},"Update_file_properties":{"runAfter":{"Create_or_Update":["Succeeded"]},"type":"OpenApiConnection","inputs":{"host":{"connectionName":"shared_sharepointonline","operationId":"PatchFileItem","apiId":"/providers/Microsoft.PowerApps/apis/shared_sharepointonline"},"parameters":{"dataset":"https://cloudhadi.sharepoint.com/sites/Workplace","table":"9aedd865-ecda-41c9-a1ec-bfddefed3ae2","id":"@variables('itemID')","item/ProductName":"@triggerOutputs()?['body/ProductName']","item/ProductType/Value":"@triggerOutputs()?['body/ProductType/Value']","item/ProductLead/Claims":"@triggerOutputs()?['body/Editor/DisplayName']","item/DocumentType/Value":"Product Information","item/InspectionRequired":false},"authentication":"@parameters('$authentication')"}},"Convert_time_zone":{"runAfter":{},"type":"Expression","kind":"ConvertTimeZone","inputs":{"baseTime":"@{utcNow()}","formatString":"yyyy-MM-dd","sourceTimeZone":"UTC","destinationTimeZone":"AUS Eastern Standard Time"}},"Create_or_Update":{"actions":{"Update_Product_Info_file":{"runAfter":{},"type":"OpenApiConnection","inputs":{"host":{"connectionName":"shared_sharepointonline_1","operationId":"UpdateFile","apiId":"/providers/Microsoft.PowerApps/apis/shared_sharepointonline"},"parameters":{"dataset":"https://cloudhadi.sharepoint.com/sites/Workplace","id":"/ProductData/@{triggerOutputs()?['body/ProductName']}.docx","body":"@outputs('Populate_Product_Info_word_template')?['body']"},"authentication":"@parameters('$authentication')"}},"Set_file_item_ID_if_update":{"runAfter":{"Get_file_metadata_using_path":["Succeeded"]},"type":"SetVariable","inputs":{"name":"itemID","value":"@outputs('Get_file_metadata_using_path')?['body/ItemId']"}},"Get_file_metadata_using_path":{"runAfter":{"Update_Product_Info_file":["Succeeded"]},"type":"OpenApiConnection","inputs":{"host":{"connectionName":"shared_sharepointonline_1","operationId":"GetFileMetadataByPath","apiId":"/providers/Microsoft.PowerApps/apis/shared_sharepointonline"},"parameters":{"dataset":"https://cloudhadi.sharepoint.com/sites/Workplace","path":"/ProductData/@{triggerOutputs()?['body/ProductName']}.docx"},"authentication":"@parameters('$authentication')"}}},"runAfter":{"Initialize_file_item_ID":["Succeeded"]},"else":{"actions":{"Create_Product_Info_file":{"runAfter":{},"type":"OpenApiConnection","inputs":{"host":{"connectionName":"shared_sharepointonline","operationId":"CreateFile","apiId":"/providers/Microsoft.PowerApps/apis/shared_sharepointonline"},"parameters":{"dataset":"https://cloudhadi.sharepoint.com/sites/Workplace","folderPath":"/ProductData","name":"@{triggerOutputs()?['body/ProductName']}.docx","body":"@outputs('Populate_Product_Info_word_template')?['body']"},"authentication":"@parameters('$authentication')"},"runtimeConfiguration":{"contentTransfer":{"transferMode":"Chunked"}}},"Set_file_item_ID_if_create":{"runAfter":{"Create_Product_Info_file":["Succeeded"]},"type":"SetVariable","inputs":{"name":"itemID","value":"@outputs('Create_Product_Info_file')?['body/ItemId']"}}}},"expression":{"greater":["@triggerOutputs()?['body/Modified']","@addSeconds(triggerBody()?['Created'],30)"]},"type":"If"},"Initialize_file_item_ID":{"runAfter":{"Populate_Product_Info_word_template":["Succeeded"]},"type":"InitializeVariable","inputs":{"variables":[{"name":"itemID","type":"integer"}]}},"Switch":{"runAfter":{"Convert_time_zone":["Succeeded"]},"cases":{"Case":{"case":"Food","actions":{"Run_a_Child_Flow_-_Food":{"runAfter":{},"type":"Workflow","inputs":{"host":{"workflowReferenceName":"85bfec41-e668-eb11-a812-000d3acb9a2d"},"body":{"text":"@triggerOutputs()?['body/ProductType/Value']","number":"@triggerOutputs()?['body/ID']","date":"@body('Convert_time_zone')"}}}}},"Case_2":{"case":"Electronics","actions":{"Run_a_Child_Flow_-_Electronics":{"runAfter":{},"type":"Workflow","inputs":{"host":{"workflowReferenceName":"69d63e6e-f568-eb11-a812-000d3acb9a2d"},"body":{"text":"@triggerOutputs()?['body/ProductType/Value']","number":"@triggerOutputs()?['body/ID']","date":"@body('Convert_time_zone')"}}}}},"Case_3":{"case":"Manufacturing","actions":{"Run_a_Child_Flow_-_Manufacturing":{"runAfter":{},"type":"Workflow","inputs":{"host":{"workflowReferenceName":"c1754c07-f668-eb11-a812-000d3acb9a2d"},"body":{"text":"@triggerOutputs()?['body/ProductType/Value']","number":"@triggerOutputs()?['body/ID']","date":"@body('Convert_time_zone')"}}}}}},"default":{"actions":{}},"expression":"@triggerOutputs()?['body/ProductType/Value']","type":"Switch"}},"outputs":{}}},"schemaVersion":"1.0.0.0"}