{"properties":{"connectionReferences":{"shared_sharepointonline":{"runtimeSource":"invoker","connection":{},"api":{"name":"shared_sharepointonline"}},"shared_approvals":{"runtimeSource":"invoker","connection":{},"api":{"name":"shared_approvals"}},"shared_office365":{"runtimeSource":"invoker","connection":{},"api":{"name":"shared_office365"}}},"definition":{"$schema":"https://schema.management.azure.com/providers/Microsoft.Logic/schemas/2016-06-01/workflowdefinition.json#","contentVersion":"1.0.0.0","parameters":{"$connections":{"defaultValue":{},"type":"Object"},"$authentication":{"defaultValue":{},"type":"SecureObject"}},"triggers":{"manual":{"splitOn":"@triggerBody()['rows']","type":"Request","kind":"ApiConnection","inputs":{"schema":{"type":"object","properties":{"rows":{"type":"array","items":{"type":"object","properties":{"entity":{"type":"object","properties":{"ID":{"title":"ID","type":"integer","format":"int64"},"itemUrl":{"title":"itemUrl","type":"string"}},"required":["ID","itemUrl"]}},"required":["entity"]}}},"required":["rows"]},"host":{"connection":{"name":"@parameters('$connections')['shared_sharepointonline']['connectionId']"}},"operationId":"ForASelectedFileHybridTrigger","parameters":{"dataset":"https://cloudhadi.sharepoint.com/sites/Workplace","table":"9aedd865-ecda-41c9-a1ec-bfddefed3ae2"}}}},"actions":{"Start_and_wait_for_an_approval":{"runAfter":{"Get_file_properties":["Succeeded"]},"limit":{"timeout":"P7D"},"type":"OpenApiConnectionWebhook","inputs":{"host":{"connectionName":"shared_approvals","operationId":"StartAndWaitForAnApproval","apiId":"/providers/Microsoft.PowerApps/apis/shared_approvals"},"parameters":{"approvalType":"Basic","WebhookApprovalCreationInput/title":"Action required for the approval of @{outputs('Get_file_properties')?['body/{FilenameWithExtension}']}","WebhookApprovalCreationInput/assignedTo":"@{outputs('Get_file_properties')?['body/ProductLead/Email']};","WebhookApprovalCreationInput/details":"Hi @{outputs('Get_file_properties')?['body/ProductLead/DisplayName']},\n@{outputs('Get_file_properties')?['body/Editor/DisplayName']}has requested approval for a  @{outputs('Get_file_properties')?['body/DocumentType/Value']}document for the product @{outputs('Get_file_properties')?['body/ProductName']}  of type @{outputs('Get_file_properties')?['body/ProductType/Value']}. Please action on it","WebhookApprovalCreationInput/itemLink":"@triggerBody()?['entity']?['itemUrl']","WebhookApprovalCreationInput/itemLinkDescription":"Click here to view document","WebhookApprovalCreationInput/enableNotifications":true,"WebhookApprovalCreationInput/enableReassignment":true},"authentication":{"type":"Raw","value":"@json(decodeBase64(triggerOutputs().headers['X-MS-APIM-Tokens']))['$ConnectionKey']"}}},"Get_file_properties":{"runAfter":{},"type":"OpenApiConnection","inputs":{"host":{"connectionName":"shared_sharepointonline","operationId":"GetFileItem","apiId":"/providers/Microsoft.PowerApps/apis/shared_sharepointonline"},"parameters":{"dataset":"https://cloudhadi.sharepoint.com/sites/Workplace","table":"9aedd865-ecda-41c9-a1ec-bfddefed3ae2","id":"@triggerBody()?['entity']?['ID']"},"authentication":{"type":"Raw","value":"@json(decodeBase64(triggerOutputs().headers['X-MS-APIM-Tokens']))['$ConnectionKey']"}}},"Product_Lead_Decision":{"actions":{"Get_file_metadata_using_path":{"runAfter":{},"type":"OpenApiConnection","inputs":{"host":{"connectionName":"shared_sharepointonline","operationId":"GetFileMetadataByPath","apiId":"/providers/Microsoft.PowerApps/apis/shared_sharepointonline"},"parameters":{"dataset":"https://cloudhadi.sharepoint.com/sites/Workplace","path":"/@{outputs('Get_file_properties')?['body/{Path}']}@{outputs('Get_file_properties')?['body/{FilenameWithExtension}']}"},"authentication":{"type":"Raw","value":"@json(decodeBase64(triggerOutputs().headers['X-MS-APIM-Tokens']))['$ConnectionKey']"}}},"Check_if_inspection_required":{"actions":{"Inspection_Lead_Approval":{"runAfter":{},"type":"OpenApiConnectionWebhook","inputs":{"host":{"connectionName":"shared_approvals","operationId":"StartAndWaitForAnApproval","apiId":"/providers/Microsoft.PowerApps/apis/shared_approvals"},"parameters":{"approvalType":"Basic","WebhookApprovalCreationInput/title":"Action required for the inspection lead approval of @{outputs('Get_file_properties')?['body/{FilenameWithExtension}']}","WebhookApprovalCreationInput/assignedTo":"@{outputs('Get_file_properties')?['body/InspectionLead/Email']};;","WebhookApprovalCreationInput/details":"Hi @{outputs('Get_file_properties')?['body/InspectionLead/DisplayName']},\n\n@{outputs('Get_file_properties')?['body/Editor/DisplayName']} has requested an inspection lead approval for a  @{outputs('Get_file_properties')?['body/DocumentType/Value']} document for the product @{outputs('Get_file_properties')?['body/ProductName']}  of type @{outputs('Get_file_properties')?['body/ProductType/Value']}. \nProduct lead approved it with the below comments:\n@{first(outputs('Start_and_wait_for_an_approval')?['body/responses'])['comments']}\nPlease action on this.\n","WebhookApprovalCreationInput/itemLink":"@triggerBody()?['entity']?['itemUrl']","WebhookApprovalCreationInput/itemLinkDescription":"Click here to view document","WebhookApprovalCreationInput/enableNotifications":true,"WebhookApprovalCreationInput/enableReassignment":true},"authentication":{"type":"Raw","value":"@json(decodeBase64(triggerOutputs().headers['X-MS-APIM-Tokens']))['$ConnectionKey']"}}},"Inspection_Lead_Decision":{"actions":{"Set_CanPublish_to_true_-_Inspection_lead_approved":{"runAfter":{},"type":"SetVariable","inputs":{"name":"canPublish","value":true}},"Set_Inspection_lead_mail_body_section":{"runAfter":{"Set_CanPublish_to_true_-_Inspection_lead_approved":["Succeeded"]},"type":"SetVariable","inputs":{"name":"strInsLeadBody","value":"Approved by @{outputs('Get_file_properties')?['body/InspectionLead/DisplayName']} with comments: @{first(outputs('Inspection_Lead_Approval')?['body/responses'])['comments']}"}}},"runAfter":{"Inspection_Lead_Approval":["Succeeded"]},"else":{"actions":{"Notify_Product_Executive_on_Inspection_Lead_Rejection":{"runAfter":{},"type":"OpenApiConnection","inputs":{"host":{"connectionName":"shared_office365","operationId":"SendEmailV2","apiId":"/providers/Microsoft.PowerApps/apis/shared_office365"},"parameters":{"emailMessage/To":"@outputs('Get_file_properties')?['body/Editor/Email']","emailMessage/Subject":"Product Data document @{outputs('Get_file_properties')?['body/{FilenameWithExtension}']} is rejected by Inspection Lead","emailMessage/Body":"<p>Hi @{outputs('Get_file_properties')?['body/Editor/DisplayName']},<br>\n<br>\nThe document @{outputs('Get_file_properties')?['body/{FilenameWithExtension}']} for the product @{outputs('Get_file_properties')?['body/ProductName']} is rejected by @{outputs('Get_file_properties')?['body/InspectionLead/DisplayName']} with the comments :<br>\n<br>\n@{first(outputs('Inspection_Lead_Approval')?['body/responses'])['comments']}<br>\n<br>\n<br>\nPlease make the necessary changes and resubmit for approval.</p>"},"authentication":{"type":"Raw","value":"@json(decodeBase64(triggerOutputs().headers['X-MS-APIM-Tokens']))['$ConnectionKey']"}}}}},"expression":{"equals":["@outputs('Inspection_Lead_Approval')?['body/outcome']","Approve"]},"type":"If"}},"runAfter":{"Get_file_metadata_using_path":["Succeeded"]},"else":{"actions":{"Set_CanPublish_to_true_-_No_inspection_required":{"runAfter":{},"type":"SetVariable","inputs":{"name":"canPublish","value":true}}}},"expression":{"equals":["@outputs('Get_file_properties')?['body/InspectionRequired']",true]},"type":"If"},"Can_Publish":{"actions":{"Set_content_approval_status":{"runAfter":{},"type":"OpenApiConnection","inputs":{"host":{"connectionName":"shared_sharepointonline","operationId":"SetApprovalStatus","apiId":"/providers/Microsoft.PowerApps/apis/shared_sharepointonline"},"parameters":{"dataset":"https://cloudhadi.sharepoint.com/sites/Workplace","table":"9aedd865-ecda-41c9-a1ec-bfddefed3ae2","id":"@outputs('Get_file_properties')?['body/ID']","approvalAction":"Approve","comments":"Document Approved","entityTag":"@outputs('Get_file_metadata_using_path')?['body/ETag']"},"authentication":{"type":"Raw","value":"@json(decodeBase64(triggerOutputs().headers['X-MS-APIM-Tokens']))['$ConnectionKey']"}}},"Notify_Product_Executive_on_Final_publish":{"runAfter":{"Set_content_approval_status":["Succeeded"]},"type":"OpenApiConnection","inputs":{"host":{"connectionName":"shared_office365","operationId":"SendEmailV2","apiId":"/providers/Microsoft.PowerApps/apis/shared_office365"},"parameters":{"emailMessage/To":"@outputs('Get_file_properties')?['body/Editor/Email']","emailMessage/Subject":"Product Data document @{outputs('Get_file_properties')?['body/{FilenameWithExtension}']} is approved","emailMessage/Body":"<p>Hi @{outputs('Get_file_properties')?['body/Editor/DisplayName']},<br>\n<br>\nThe document @{outputs('Get_file_properties')?['body/{FilenameWithExtension}']} for the product @{outputs('Get_file_properties')?['body/ProductName']} is approved by @{outputs('Get_file_properties')?['body/ProductLead/DisplayName']} with the comments :<br>\n<br>\n@{first(outputs('Start_and_wait_for_an_approval')?['body/responses'])['comments']}<br>\n<br>\n@{variables('strInsLeadBody')}<br>\n<br>\nThe document is now published.</p>"},"authentication":{"type":"Raw","value":"@json(decodeBase64(triggerOutputs().headers['X-MS-APIM-Tokens']))['$ConnectionKey']"}}}},"runAfter":{"Check_if_inspection_required":["Succeeded"]},"expression":{"equals":["@variables('canPublish')",true]},"type":"If"}},"runAfter":{"Initialize_string_-_inspection_lead_mail_body_section":["Succeeded"]},"else":{"actions":{"Notify_Product_Executive_on_Lead_rejection":{"runAfter":{},"type":"OpenApiConnection","inputs":{"host":{"connectionName":"shared_office365","operationId":"SendEmailV2","apiId":"/providers/Microsoft.PowerApps/apis/shared_office365"},"parameters":{"emailMessage/To":"@outputs('Get_file_properties')?['body/Editor/Email']","emailMessage/Subject":"Product Data document @{outputs('Get_file_properties')?['body/{FilenameWithExtension}']} is rejected","emailMessage/Body":"<p>Hi @{outputs('Get_file_properties')?['body/Editor/DisplayName']},<br>\n<br>\nThe document @{outputs('Get_file_properties')?['body/{FilenameWithExtension}']} for the product @{outputs('Get_file_properties')?['body/ProductName']} is rejected by @{outputs('Get_file_properties')?['body/ProductLead/DisplayName']} with the comments :<br>\n<br>\n@{first(outputs('Start_and_wait_for_an_approval')?['body/responses'])['comments']}<br>\n<br>\n<br>\nPlease make the necessary changes and resubmit for approval.</p>"},"authentication":{"type":"Raw","value":"@json(decodeBase64(triggerOutputs().headers['X-MS-APIM-Tokens']))['$ConnectionKey']"}}}}},"expression":{"equals":["@outputs('Start_and_wait_for_an_approval')?['body/outcome']","Approve"]},"type":"If"},"Initialize_bool_-_CanPublish":{"runAfter":{"Start_and_wait_for_an_approval":["Succeeded"]},"type":"InitializeVariable","inputs":{"variables":[{"name":"canPublish","type":"boolean","value":false}]}},"Initialize_string_-_inspection_lead_mail_body_section":{"runAfter":{"Initialize_bool_-_CanPublish":["Succeeded"]},"type":"InitializeVariable","inputs":{"variables":[{"name":"strInsLeadBody","type":"string"}]}},"Notify_product_executive_if_not_approved_for_7_days":{"runAfter":{"Start_and_wait_for_an_approval":["TimedOut"]},"type":"OpenApiConnection","inputs":{"host":{"connectionName":"shared_office365","operationId":"SendEmailV2","apiId":"/providers/Microsoft.PowerApps/apis/shared_office365"},"parameters":{"emailMessage/To":"@outputs('Get_file_properties')?['body/Editor/Email']","emailMessage/Subject":"Resubmit @{outputs('Get_file_properties')?['body/{FilenameWithExtension}']}","emailMessage/Body":"<p>Hi @{outputs('Get_file_properties')?['body/Editor/DisplayName']},<br>\n<br>\nThe approval for @{outputs('Get_file_properties')?['body/{FilenameWithExtension}']} is not actioned by @{outputs('Get_file_properties')?['body/ProductLead/DisplayName']} from the last 7 days. The approval is timed out now. Please resubmit the document for approval.<br>\n<br>\n</p>"},"authentication":{"type":"Raw","value":"@json(decodeBase64(triggerOutputs().headers['X-MS-APIM-Tokens']))['$ConnectionKey']"}}}}}},"schemaVersion":"1.0.0.0"}