{"schemaVersion":"1.0","appDefinitionTemplate":{"id":"/providers/Microsoft.PowerApps/apps/","type":"Microsoft.PowerApps/apps","tags":{"primaryDeviceWidth":"640","primaryDeviceHeight":"1136","sienaVersion":"20210329T054513Z-3.21033.41.0","deviceCapabilities":"","supportsPortrait":"true","supportsLandscape":"false","primaryFormFactor":"Phone","publisherVersion":"3.21033.41","minimumRequiredApiVersion":"2.2.0","hasComponent":"false","hasUnlockedComponent":"false","isUnifiedRootApp":"false"},"properties":{"appVersion":"2021-03-29T05:45:13Z","lifeCycleId":"Published","createdByClientVersion":{"major":3,"minor":21033,"build":41,"revision":0,"majorRevision":0,"minorRevision":0},"minClientVersion":{"major":3,"minor":21033,"build":41,"revision":0,"majorRevision":0,"minorRevision":0},"backgroundColor":"rgba(0, 99, 177, 1)","backgroundImageUri":"/7621909129918671979/N15067745-bcb3-4440-9f26-64b8b338dc4e-logoSmallFile","displayName":"Products App","description":"The app which manages the product list information","commitMessage":"space for issue reporter button","appUris":{"documentUri":{"value":"/7621909129918671979/N886e96cb-ec64-45dc-88e0-f47694610db9-document.msapp"},"imageUris":[]},"createdTime":"0001-01-01T00:00:00Z","lastModifiedTime":"0001-01-01T00:00:00Z","sharedGroupsCount":0,"sharedUsersCount":0,"icons":{"smallIconUri":"/7621909129918671979/Nd46b7d24-56bf-4493-b7df-c78fde06e3cf-small.png","mediumIconUri":"/7621909129918671979/N5e94bade-b62f-4df9-813d-dda80bcbcd72-medium.png","largeIconUri":"/7621909129918671979/N2799502f-016b-477d-a78d-2153a3c5d91c-large.png","wideIconUri":"/7621909129918671979/N36fb1952-65ac-4e67-9b29-3f4cf8fe8dc7-wide.png"},"connectionReferences":{"e6485af8-4ac2-4458-909f-299849f1a76e":{"id":"14cc6e17-2222-4662-9c0a-e2364ab6e50b","displayName":"Logic flows","iconUri":"https://connectoricons-prod.azureedge.net/releases/v1.0.1438/1.0.1438.2324/logicflows/icon.png","dataSources":["IssueReporter"],"dependencies":["26f212f2-66fb-4d8a-985e-71fe73fe9515"],"dependents":[],"parameterHints":{"workflowName":{"value":"c9f100ea-6f9b-46ed-8985-d91e783a66d9"},"26f212f2-66fb-4d8a-985e-71fe73fe9515":{"value":"shared_office365"}},"isOnPremiseConnection":false,"bypassConsent":false,"dataSets":{},"apiTier":"Standard","isCustomApiConnection":false,"actions":["Run"]},"26f212f2-66fb-4d8a-985e-71fe73fe9515":{"id":"f1cdfac1-a576-4154-a94d-119259d95100","displayName":"Office 365 Outlook","iconUri":"https://connectoricons-prod.azureedge.net/releases/v1.0.1454/1.0.1454.2370/office365/icon.png","dataSources":[],"dependencies":[],"dependents":["e6485af8-4ac2-4458-909f-299849f1a76e"],"parameterHints":{},"isOnPremiseConnection":false,"bypassConsent":false,"dataSets":{},"apiTier":"Standard","isCustomApiConnection":false},"f47ab6d7-0b46-454f-a1bc-a92332aa8081":{"id":"642f5223-62f8-444c-8a17-161920ce0118","displayName":"SharePoint","iconUri":"https://connectoricons-prod.azureedge.net/releases/v1.0.1451/1.0.1451.2361/sharepointonline/icon.png","dataSources":["Products"],"dependencies":[],"dependents":[],"parameterHints":{},"isOnPremiseConnection":false,"bypassConsent":false,"dataSets":{"https://cloudhadi.sharepoint.com/sites/Workplace":{"dataSources":{"Products":{"tableName":"3bbfb286-9367-487a-b6bf-f8539bcf9a8b"}}}},"apiTier":"Standard","isCustomApiConnection":false}},"databaseReferences":{},"almMode":"Environment","performanceOptimizationEnabled":true,"canConsumeAppPass":true,"executionRestrictions":{"isTeamsOnly":false,"dataLossPreventionEvaluationResult":{"status":"Compliant","lastEvaluationDate":"2021-01-22T01:11:09.5170288Z","violationDetails":[]}}},"isAppComponentLibrary":false,"appType":"ClassicCanvasApp","appComponents":[]}}