{"name":"c5438317-03df-4b6a-903d-9b8b86ad13cb","id":"/providers/Microsoft.Flow/flows/c5438317-03df-4b6a-903d-9b8b86ad13cb","type":"Microsoft.Flow/flows","properties":{"apiId":"/providers/Microsoft.PowerApps/apis/shared_logicflows","displayName":"Issue Reporter","definition":{"metadata":{"workflowEntityId":null,"flowclientsuspensionreason":"None","flowclientsuspensiontime":null,"creator":{"id":"a0af0621-143a-4d63-9cad-5ad3a3e1295d","type":"User","tenantId":"fb7cb6fd-9f0b-4c6f-8018-dc7c8634f26d"},"provisioningMethod":"FromDefinition","failureAlertSubscription":true,"clientLastModifiedTime":"2021-02-08T07:22:23.9743218Z"},"$schema":"https://schema.management.azure.com/providers/Microsoft.Logic/schemas/2016-06-01/workflowdefinition.json#","contentVersion":"1.0.0.0","parameters":{"$connections":{"defaultValue":{},"type":"Object"},"$authentication":{"defaultValue":{},"type":"SecureObject"}},"triggers":{"manual":{"type":"Request","kind":"PowerApp","inputs":{"schema":{"type":"object","properties":{"Sendanemail(V2)_Body":{"type":"string","format":"html","description":"Specify the body of the mail. This parameter is used as part of \"FAAC2DF4-EA1E-44FB-BD43-BA1652122030\"","x-ms-powerflows-param-ispartial":true}},"required":["Sendanemail(V2)_Body"]}}}},"actions":{"Send_an_email_(V2)":{"runAfter":{},"type":"OpenApiConnection","inputs":{"host":{"apiId":"/providers/Microsoft.PowerApps/apis/shared_office365","connectionName":"shared_office365","operationId":"SendEmailV2"},"parameters":{"emailMessage/To":"harivp20@cloudhadi.onmicrosoft.com","emailMessage/Subject":"Reported an issue in the products App","emailMessage/Body":"<p>Reported an issue in the products App. The reporter email is below.<br>\n<br>\n@{triggerBody()['Sendanemail(V2)_Body']}</p>"},"authentication":{"value":"@json(decodeBase64(triggerOutputs().headers['X-MS-APIM-Tokens']))['$ConnectionKey']","type":"Raw"}}}}},"connectionReferences":{"shared_office365":{"connectionName":"shared-office365-9f0319b2-3190-448a-b994-d77fc9fce58b","source":"Invoker","id":"/providers/Microsoft.PowerApps/apis/shared_office365","tier":"NotSpecified"}},"flowFailureAlertSubscribed":false}}