{"schemaVersion":"1.0","appDefinitionTemplate":{"id":"/providers/Microsoft.PowerApps/apps/","type":"Microsoft.PowerApps/apps","tags":{"primaryDeviceWidth":"444","primaryDeviceHeight":"790","sienaVersion":"20210329T054907Z-3.21033.41.0","deviceCapabilities":"","supportsPortrait":"true","supportsLandscape":"false","primaryFormFactor":"Web","publisherVersion":"3.21033.41","minimumRequiredApiVersion":"2.2.0","hasComponent":"false","hasUnlockedComponent":"false","isUnifiedRootApp":"false"},"properties":{"appVersion":"2021-03-29T05:49:07Z","lifeCycleId":"Published","createdByClientVersion":{"major":3,"minor":21033,"build":41,"revision":0,"majorRevision":0,"minorRevision":0},"minClientVersion":{"major":3,"minor":21033,"build":41,"revision":0,"majorRevision":0,"minorRevision":0},"backgroundColor":"rgba(0, 176, 240, 1)","backgroundImageUri":"/757426515590244924/Nfe20f88f-e6f4-4a8e-95d0-69f9ea395d16-logoSmallFile","displayName":"Products on Workplace forms","description":"","commitMessage":"Restore 1","appUris":{"documentUri":{"value":"/757426515590244924/N4d42d69e-32d0-493c-8aa7-2c4a3b469d72-document.msapp"},"imageUris":[]},"createdTime":"0001-01-01T00:00:00Z","lastModifiedTime":"0001-01-01T00:00:00Z","sharedGroupsCount":0,"sharedUsersCount":0,"icons":{"smallIconUri":"/757426515590244924/N7eda790c-fe78-4b9c-ab53-b8873b4e4ee9-small.png","mediumIconUri":"/757426515590244924/Nc703cdde-2960-4930-aee1-ea49bbbacf1d-medium.png","largeIconUri":"/757426515590244924/N65a04cf6-f281-4cb0-9bff-433bcfa5c9ec-large.png","wideIconUri":"/757426515590244924/N6d38c02b-e666-4b7f-a77e-f7f68c0b4759-wide.png"},"connectionReferences":{"610128f3-522a-42d2-b1d5-32bd8898e968":{"id":"642f5223-62f8-444c-8a17-161920ce0118","displayName":"SharePoint","iconUri":"https://connectoricons-prod.azureedge.net/releases/v1.0.1451/1.0.1451.2361/sharepointonline/icon.png","dataSources":["Products"],"dependencies":[],"dependents":[],"parameterHints":{},"isOnPremiseConnection":false,"bypassConsent":true,"dataSets":{"https://cloudhadi.sharepoint.com/sites/Workplace":{"dataSources":{"Products":{"tableName":"3bbfb286-9367-487a-b6bf-f8539bcf9a8b"}}}},"apiTier":"Standard","isCustomApiConnection":false}},"databaseReferences":{},"embeddedApp":{"siteId":"https://cloudhadi.sharepoint.com/sites/Workplace","listId":"3bbfb286-9367-487a-b6bf-f8539bcf9a8b","listUrl":"https://cloudhadi.sharepoint.com/sites/Workplace/Products/AllItems.aspx","type":"SharepointFormApp","screenWidth":444,"screenHeight":790},"almMode":"Environment","performanceOptimizationEnabled":true,"canConsumeAppPass":true,"executionRestrictions":{"isTeamsOnly":false,"dataLossPreventionEvaluationResult":{"status":"Compliant","lastEvaluationDate":"2021-01-24T01:48:35.7768578Z","violationDetails":[]}}},"isAppComponentLibrary":false,"appType":"ClassicCanvasApp","appComponents":[]}}